brand_key,display,aliases,to_type,work_price
audi,Audi,ауди|ауди а6|ауди а4,ТО-1,110
audi,Audi,ауди|ауди а6|ауди а4,ТО-2,190
audi,Audi,ауди|ауди а6|ауди а4,ТО-3,320
bmw,BMW,бмв|бэха|бмв х5|бмв 3,ТО-1,125
bmw,BMW,бмв|бэха|бмв х5|бмв 3,ТО-2,210
bmw,BMW,бмв|бэха|бмв х5|бмв 3,ТО-3,350
mercedes,Mercedes-Benz,мерседес|мерс|мерседес бенц|w204|w211,ТО-1,130
mercedes,Mercedes-Benz,мерседес|мерс|мерседес бенц|w204|w211,ТО-2,225
mercedes,Mercedes-Benz,мерседес|мерс|мерседес бенц|w204|w211,ТО-3,370
volkswagen,Volkswagen,фольксваген|фольц|фв|гольф|пассат|поло,ТО-1,95
volkswagen,Volkswagen,фольксваген|фольц|фв|гольф|пассат|поло,ТО-2,165
volkswagen,Volkswagen,фольксваген|фольц|фв|гольф|пассат|поло,ТО-3,285
skoda,Skoda,шкода|октавия|рапид|йети,ТО-1,90
skoda,Skoda,шкода|октавия|рапид|йети,ТО-2,160
skoda,Skoda,шкода|октавия|рапид|йети,ТО-3,275
toyota,Toyota,тойота|камри|рав4|королла|ленд круизер,ТО-1,100
toyota,Toyota,тойота|камри|рав4|королла|ленд круизер,ТО-2,175
toyota,Toyota,тойота|камри|рав4|королла|ленд круизер,ТО-3,300
nissan,Nissan,ниссан|х трейл|кашкай|альмера|теана,ТО-1,95
nissan,Nissan,ниссан|х трейл|кашкай|альмера|теана,ТО-2,170
nissan,Nissan,ниссан|х трейл|кашкай|альмера|теана,ТО-3,290
hyundai,Hyundai,хендай|хёндай|солярис|крета|санта фе,ТО-1,85
hyundai,Hyundai,хендай|хёндай|солярис|крета|санта фе,ТО-2,150
hyundai,Hyundai,хендай|хёндай|солярис|крета|санта фе,ТО-3,260
kia,Kia,киа|рио|спортэйдж|сид|церато,ТО-1,85
kia,Kia,киа|рио|спортэйдж|сид|церато,ТО-2,150
kia,Kia,киа|рио|спортэйдж|сид|церато,ТО-3,260
renault,Renault,рено|рено логан|дастер|меган|клио,ТО-1,88
renault,Renault,рено|рено логан|дастер|меган|клио,ТО-2,155
renault,Renault,рено|рено логан|дастер|меган|клио,ТО-3,265
ford,Ford,форд|фокус|мондео|транзит|куга,ТО-1,92
ford,Ford,форд|фокус|мондео|транзит|куга,ТО-2,160
ford,Ford,форд|фокус|мондео|транзит|куга,ТО-3,280
mazda,Mazda,мазда|мазда 3|мазда 6|сх 5,ТО-1,100
mazda,Mazda,мазда|мазда 3|мазда 6|сх 5,ТО-2,175
mazda,Mazda,мазда|мазда 3|мазда 6|сх 5,ТО-3,300
opel,Opel,опель|астра|инсигния|корса,ТО-1,85
opel,Opel,опель|астра|инсигния|корса,ТО-2,150
opel,Opel,опель|астра|инсигния|корса,ТО-3,255
geely,Geely,джили|курей|атлас|эмгранд|монжаро,ТО-1,80
geely,Geely,джили|курей|атлас|эмгранд|монжаро,ТО-2,145
geely,Geely,джили|курей|атлас|эмгранд|монжаро,ТО-3,250
chery,Chery,чери|тиго|аризо,ТО-1,78
chery,Chery,чери|тиго|аризо,ТО-2,140
chery,Chery,чери|тиго|аризо,ТО-3,245
volvo,Volvo,вольво|хс60|хс90|с60,ТО-1,120
volvo,Volvo,вольво|хс60|хс90|с60,ТО-2,205
volvo,Volvo,вольво|хс60|хс90|с60,ТО-3,340
land_rover,Land Rover,ленд ровер|рейндж ровер|дефендер|дискавери,ТО-1,150
land_rover,Land Rover,ленд ровер|рейндж ровер|дефендер|дискавери,ТО-2,255
land_rover,Land Rover,ленд ровер|рейндж ровер|дефендер|дискавери,ТО-3,420
*,Другая марка,*,ТО-1,90
*,Другая марка,*,ТО-2,165
*,Другая марка,*,ТО-3,285
